Timestamp,Frame Number,Track ID,Status
2026-09-19 20:45:25.310807,0,2,NO HELMET
2026-09-19 20:45:25.310807,0,3,NO HELMET
2026-09-19 20:45:25.311809,0,6,DAMAGED HELMET
2026-09-19 20:45:26.080121,1,2,NO HELMET
2026-09-19 20:45:26.080121,1,3,NO HELMET
2026-09-19 20:45:26.080121,1,6,DAMAGED HELMET
2026-09-19 20:45:26.839264,2,2,NO HELMET
2026-09-19 20:45:26.839264,2,3,NO HELMET
2026-09-19 20:45:26.840278,2,6,DAMAGED HELMET
2026-09-19 20:45:27.577843,3,2,NO HELMET
2026-09-19 20:45:27.577843,3,3,NO HELMET
2026-09-19 20:45:27.577843,3,6,DAMAGED HELMET
2026-09-19 20:45:28.484837,4,2,NO HELMET
2026-09-19 20:45:28.484837,4,3,NO HELMET
2026-09-19 20:45:28.484837,4,6,DAMAGED HELMET
2026-09-19 20:45:29.216253,5,2,NO HELMET
2026-09-19 20:45:29.216253,5,3,NO HELMET
2026-09-19 20:45:29.217759,5,6,DAMAGED HELMET
2026-09-19 20:45:29.964568,6,2,NO HELMET
2026-09-19 20:45:29.965568,6,3,NO HELMET
2026-09-19 20:45:29.965568,6,6,DAMAGED HELMET
2026-09-19 20:45:30.807590,7,2,NO HELMET
2026-09-19 20:45:30.808219,7,3,NO HELMET
2026-09-19 20:45:30.808219,7,6,DAMAGED HELMET
2026-09-19 20:45:31.549392,8,2,NO HELMET
2026-09-19 20:45:31.549392,8,3,NO HELMET
2026-09-19 20:45:31.550388,8,6,DAMAGED HELMET
2026-09-19 20:45:32.293899,9,2,NO HELMET
2026-09-19 20:45:32.293899,9,3,NO HELMET
2026-09-19 20:45:32.293899,9,6,DAMAGED HELMET
2026-09-19 20:45:33.073703,10,2,NO HELMET
2026-09-19 20:45:33.073703,10,3,NO HELMET
2026-09-19 20:45:33.073703,10,6,DAMAGED HELMET
2026-09-19 20:45:33.804430,11,2,NO HELMET
2026-09-19 20:45:33.804430,11,3,NO HELMET
2026-09-19 20:45:33.805434,11,6,DAMAGED HELMET
2026-09-19 20:45:34.492960,12,2,NO HELMET
2026-09-19 20:45:34.492960,12,3,NO HELMET
2026-09-19 20:45:34.493960,12,6,DAMAGED HELMET
2026-09-19 20:45:35.181487,13,2,NO HELMET
2026-09-19 20:45:35.181487,13,3,NO HELMET
2026-09-19 20:45:35.181487,13,6,DAMAGED HELMET
2026-09-19 20:45:35.976695,14,2,NO HELMET
2026-09-19 20:45:35.976695,14,3,NO HELMET
2026-09-19 20:45:35.976695,14,6,DAMAGED HELMET
2026-09-19 20:45:36.683828,15,2,NO HELMET
2026-09-19 20:45:36.683828,15,3,NO HELMET
2026-09-19 20:45:36.683828,15,6,DAMAGED HELMET
2026-09-19 20:45:37.405622,16,2,NO HELMET
2026-09-19 20:45:37.405622,16,3,NO HELMET
2026-09-19 20:45:37.406613,16,6,DAMAGED HELMET
2026-09-19 20:45:38.265589,17,2,NO HELMET
2026-09-19 20:45:38.265589,17,3,NO HELMET
2026-09-19 20:45:38.265589,17,6,DAMAGED HELMET
2026-09-19 20:45:39.005047,18,2,NO HELMET
2026-09-19 20:45:39.005047,18,3,NO HELMET
2026-09-19 20:45:39.006047,18,6,DAMAGED HELMET
2026-09-19 20:45:39.726971,19,2,NO HELMET
2026-09-19 20:45:39.726971,19,3,NO HELMET
2026-09-19 20:45:39.727975,19,6,DAMAGED HELMET
2026-09-19 20:45:40.447771,20,2,NO HELMET
2026-09-19 20:45:40.447771,20,3,NO HELMET
2026-09-19 20:45:40.447771,20,6,DAMAGED HELMET
2026-09-19 20:45:41.293618,21,2,NO HELMET
2026-09-19 20:45:41.293618,21,3,NO HELMET
2026-09-19 20:45:41.294626,21,6,DAMAGED HELMET
2026-09-19 20:45:42.012151,22,2,NO HELMET
2026-09-19 20:45:42.012151,22,3,NO HELMET
2026-09-19 20:45:42.012151,22,6,DAMAGED HELMET
2026-09-19 20:45:42.720261,23,2,NO HELMET
2026-09-19 20:45:42.720261,23,3,NO HELMET
2026-09-19 20:45:42.720261,23,6,DAMAGED HELMET
2026-09-19 20:45:43.501880,24,2,NO HELMET
2026-09-19 20:45:43.502963,24,3,NO HELMET
2026-09-19 20:45:43.502963,24,6,DAMAGED HELMET
2026-09-19 20:45:44.191072,25,2,NO HELMET
2026-09-19 20:45:44.191072,25,3,NO HELMET
2026-09-19 20:45:44.192072,25,6,DAMAGED HELMET
2026-09-19 20:45:44.883018,26,2,NO HELMET
2026-09-19 20:45:44.883018,26,3,NO HELMET
2026-09-19 20:45:44.883018,26,6,DAMAGED HELMET
2026-09-19 20:45:45.566372,27,2,NO HELMET
2026-09-19 20:45:45.567972,27,3,NO HELMET
2026-09-19 20:45:45.567972,27,6,DAMAGED HELMET
2026-09-19 20:45:46.365958,28,2,NO HELMET
2026-09-19 20:45:46.365958,28,3,NO HELMET
2026-09-19 20:45:46.366958,28,6,DAMAGED HELMET
2026-09-19 20:45:47.062602,29,2,NO HELMET
2026-09-19 20:45:47.062602,29,3,NO HELMET
2026-09-19 20:45:47.062602,29,6,DAMAGED HELMET
2026-09-19 20:45:47.780053,30,2,NO HELMET
2026-09-19 20:45:47.780053,30,3,NO HELMET
2026-09-19 20:45:47.781052,30,6,DAMAGED HELMET
2026-09-19 20:45:48.683376,31,2,NO HELMET
2026-09-19 20:45:48.683376,31,3,NO HELMET
2026-09-19 20:45:48.684373,31,6,DAMAGED HELMET
2026-09-19 20:45:49.384418,32,2,NO HELMET
2026-09-19 20:45:49.384418,32,3,NO HELMET
2026-09-19 20:45:49.385423,32,6,DAMAGED HELMET
2026-09-19 20:45:50.098284,33,2,NO HELMET
2026-09-19 20:45:50.098284,33,3,NO HELMET
2026-09-19 20:45:50.099270,33,6,DAMAGED HELMET
2026-09-19 20:45:50.813236,34,2,NO HELMET
2026-09-19 20:45:50.813236,34,3,NO HELMET
2026-09-19 20:45:50.814153,34,6,DAMAGED HELMET
2026-09-19 20:45:51.670511,35,2,NO HELMET
2026-09-19 20:45:51.670511,35,3,NO HELMET
2026-09-19 20:45:51.671467,35,6,DAMAGED HELMET
2026-09-19 20:45:52.383494,36,2,NO HELMET
2026-09-19 20:45:52.383494,36,3,NO HELMET
2026-09-19 20:45:52.384504,36,6,DAMAGED HELMET
2026-09-19 20:45:53.097983,37,2,NO HELMET
2026-09-19 20:45:53.097983,37,3,NO HELMET
2026-09-19 20:45:53.099437,37,6,DAMAGED HELMET
2026-09-19 20:45:53.966748,38,2,NO HELMET
2026-09-19 20:45:53.966748,38,3,NO HELMET
2026-09-19 20:45:53.966748,38,6,DAMAGED HELMET
2026-09-19 20:45:54.678048,39,2,NO HELMET
2026-09-19 20:45:54.678048,39,3,NO HELMET
2026-09-19 20:45:54.678048,39,6,DAMAGED HELMET
2026-09-19 20:45:55.630697,40,2,NO HELMET
2026-09-19 20:45:55.630697,40,3,NO HELMET
2026-09-19 20:45:55.630697,40,6,DAMAGED HELMET
2026-09-19 20:45:56.345503,41,2,NO HELMET
2026-09-19 20:45:56.345503,41,3,NO HELMET
2026-09-19 20:45:56.345503,41,6,DAMAGED HELMET
2026-09-19 20:45:57.163984,42,2,NO HELMET
2026-09-19 20:45:57.163984,42,3,NO HELMET
2026-09-19 20:45:57.163984,42,6,DAMAGED HELMET
2026-09-19 20:45:57.890739,43,2,NO HELMET
2026-09-19 20:45:57.890739,43,3,NO HELMET
2026-09-19 20:45:57.890739,43,6,DAMAGED HELMET
2026-09-19 20:45:58.679745,44,2,NO HELMET
2026-09-19 20:45:58.679745,44,3,NO HELMET
2026-09-19 20:45:58.679745,44,6,DAMAGED HELMET
2026-09-19 20:45:59.473082,45,2,NO HELMET
2026-09-19 20:45:59.473082,45,3,NO HELMET
2026-09-19 20:45:59.473082,45,6,DAMAGED HELMET
2026-09-19 20:46:00.210035,46,2,NO HELMET
2026-09-19 20:46:00.210035,46,3,NO HELMET
2026-09-19 20:46:00.210035,46,6,DAMAGED HELMET
2026-09-19 20:46:00.932202,47,2,NO HELMET
2026-09-19 20:46:00.932202,47,3,NO HELMET
2026-09-19 20:46:00.932202,47,6,DAMAGED HELMET
2026-09-19 20:46:01.640363,48,2,NO HELMET
2026-09-19 20:46:01.640363,48,3,NO HELMET
2026-09-19 20:46:01.640363,48,6,DAMAGED HELMET
2026-09-19 20:46:02.441779,49,2,NO HELMET
2026-09-19 20:46:02.442784,49,3,NO HELMET
2026-09-19 20:46:02.442784,49,6,DAMAGED HELMET
2026-09-19 20:46:03.156642,50,2,NO HELMET
2026-09-19 20:46:03.156642,50,3,NO HELMET
2026-09-19 20:46:03.156642,50,6,DAMAGED HELMET
2026-09-19 20:46:03.942530,51,2,NO HELMET
2026-09-19 20:46:03.942530,51,3,NO HELMET
2026-09-19 20:46:03.942530,51,6,DAMAGED HELMET
2026-09-19 20:46:04.659271,52,2,NO HELMET
2026-09-19 20:46:04.659271,52,3,NO HELMET
2026-09-19 20:46:04.659271,52,6,DAMAGED HELMET
2026-09-19 20:46:05.358244,53,2,NO HELMET
2026-09-19 20:46:05.358244,53,3,NO HELMET
2026-09-19 20:46:05.358244,53,6,DAMAGED HELMET
2026-09-19 20:46:06.082168,54,2,NO HELMET
2026-09-19 20:46:06.082168,54,3,NO HELMET
2026-09-19 20:46:06.083079,54,6,DAMAGED HELMET
2026-09-19 20:46:06.807774,55,2,NO HELMET
2026-09-19 20:46:06.807774,55,3,NO HELMET
2026-09-19 20:46:06.807774,55,6,DAMAGED HELMET
2026-09-19 20:46:07.704804,56,2,NO HELMET
2026-09-19 20:46:07.705805,56,3,NO HELMET
2026-09-19 20:46:07.705805,56,6,DAMAGED HELMET
2026-09-19 20:46:08.497432,57,2,NO HELMET
2026-09-19 20:46:08.497432,57,3,NO HELMET
2026-09-19 20:46:08.497950,57,6,DAMAGED HELMET
2026-09-19 20:46:09.374662,58,2,NO HELMET
2026-09-19 20:46:09.374662,58,3,NO HELMET
2026-09-19 20:46:09.374662,58,6,DAMAGED HELMET
2026-09-19 20:46:10.253706,59,2,NO HELMET
2026-09-19 20:46:10.253706,59,3,NO HELMET
2026-09-19 20:46:10.254699,59,6,DAMAGED HELMET
2026-09-19 20:46:11.004537,60,2,NO HELMET
2026-09-19 20:46:11.004537,60,3,NO HELMET
2026-09-19 20:46:11.004537,60,6,DAMAGED HELMET
2026-09-19 20:46:11.711149,61,2,NO HELMET
2026-09-19 20:46:11.711149,61,3,NO HELMET
2026-09-19 20:46:11.712156,61,6,DAMAGED HELMET
2026-09-19 20:46:12.870732,62,2,NO HELMET
2026-09-19 20:46:12.870732,62,3,NO HELMET
2026-09-19 20:46:12.870732,62,6,DAMAGED HELMET
2026-09-19 20:46:13.755850,63,2,NO HELMET
2026-09-19 20:46:13.755850,63,3,NO HELMET
2026-09-19 20:46:13.755850,63,6,DAMAGED HELMET
2026-09-19 20:46:14.602680,64,2,NO HELMET
2026-09-19 20:46:14.602680,64,3,NO HELMET
2026-09-19 20:46:14.602680,64,6,DAMAGED HELMET
2026-09-19 20:46:15.474316,65,2,NO HELMET
2026-09-19 20:46:15.474316,65,3,NO HELMET
2026-09-19 20:46:15.475342,65,6,DAMAGED HELMET
2026-09-19 20:46:16.563676,66,2,NO HELMET
2026-09-19 20:46:16.563676,66,3,NO HELMET
2026-09-19 20:46:16.564676,66,6,DAMAGED HELMET
2026-09-19 20:46:18.509734,67,2,NO HELMET
2026-09-19 20:46:18.509734,67,3,NO HELMET
2026-09-19 20:46:18.509734,67,6,DAMAGED HELMET
2026-09-19 20:46:19.775932,68,2,NO HELMET
2026-09-19 20:46:19.776925,68,3,NO HELMET
2026-09-19 20:46:19.776925,68,6,DAMAGED HELMET
2026-09-19 20:46:20.653706,69,2,NO HELMET
2026-09-19 20:46:20.653706,69,3,NO HELMET
2026-09-19 20:46:20.654814,69,6,DAMAGED HELMET
2026-09-19 20:46:21.386011,70,2,NO HELMET
2026-09-19 20:46:21.386011,70,3,NO HELMET
2026-09-19 20:46:21.386011,70,6,DAMAGED HELMET
2026-09-19 20:46:22.100991,71,2,NO HELMET
2026-09-19 20:46:22.102089,71,3,NO HELMET
2026-09-19 20:46:22.102089,71,6,DAMAGED HELMET
2026-09-19 20:46:22.800850,72,2,NO HELMET
2026-09-19 20:46:22.800850,72,3,NO HELMET
2026-09-19 20:46:22.801893,72,6,DAMAGED HELMET
2026-09-19 20:46:23.663028,73,2,NO HELMET
2026-09-19 20:46:23.664009,73,3,NO HELMET
2026-09-19 20:46:23.664009,73,6,DAMAGED HELMET
2026-09-19 20:46:24.373151,74,2,NO HELMET
2026-09-19 20:46:24.373151,74,3,NO HELMET
2026-09-19 20:46:24.374142,74,6,DAMAGED HELMET
2026-09-19 20:46:25.188981,75,2,NO HELMET
2026-09-19 20:46:25.190053,75,3,NO HELMET
2026-09-19 20:46:25.190053,75,6,DAMAGED HELMET
2026-09-19 20:46:25.906987,76,2,NO HELMET
2026-09-19 20:46:25.906987,76,3,NO HELMET
2026-09-19 20:46:25.906987,76,6,DAMAGED HELMET
2026-09-19 20:46:26.628579,77,2,NO HELMET
2026-09-19 20:46:26.628579,77,3,NO HELMET
2026-09-19 20:46:26.629588,77,6,DAMAGED HELMET
2026-09-19 20:46:27.335660,78,2,NO HELMET
2026-09-19 20:46:27.336650,78,3,NO HELMET
2026-09-19 20:46:27.336650,78,6,DAMAGED HELMET
2026-09-19 20:46:28.073811,79,2,NO HELMET
2026-09-19 20:46:28.074808,79,3,NO HELMET
2026-09-19 20:46:28.074808,79,6,DAMAGED HELMET
2026-09-19 20:46:28.986037,80,2,NO HELMET
2026-09-19 20:46:28.986037,80,3,NO HELMET
2026-09-19 20:46:28.986037,80,6,DAMAGED HELMET
2026-09-19 20:46:29.799843,81,2,NO HELMET
2026-09-19 20:46:29.799843,81,3,NO HELMET
2026-09-19 20:46:29.800841,81,6,DAMAGED HELMET
2026-09-19 20:46:30.509072,82,2,NO HELMET
2026-09-19 20:46:30.510064,82,3,NO HELMET
2026-09-19 20:46:30.510064,82,6,DAMAGED HELMET
2026-09-19 20:46:31.231770,83,2,NO HELMET
2026-09-19 20:46:31.231770,83,3,NO HELMET
2026-09-19 20:46:31.232555,83,6,DAMAGED HELMET
2026-09-19 20:46:31.940697,84,2,NO HELMET
2026-09-19 20:46:31.940697,84,3,NO HELMET
2026-09-19 20:46:31.941694,84,6,DAMAGED HELMET
2026-09-19 20:46:32.685702,85,2,NO HELMET
2026-09-19 20:46:32.685702,85,3,NO HELMET
2026-09-19 20:46:32.685702,85,6,DAMAGED HELMET
2026-09-19 20:46:33.541645,86,2,NO HELMET
2026-09-19 20:46:33.542662,86,3,NO HELMET
2026-09-19 20:46:33.542662,86,6,DAMAGED HELMET
2026-09-19 20:46:35.437595,87,2,NO HELMET
2026-09-19 20:46:35.437595,87,3,NO HELMET
2026-09-19 20:46:35.438102,87,6,DAMAGED HELMET
2026-09-19 20:46:36.782738,88,2,NO HELMET
2026-09-19 20:46:36.782738,88,3,NO HELMET
2026-09-19 20:46:36.782738,88,6,DAMAGED HELMET
2026-09-19 20:46:37.720832,89,2,NO HELMET
2026-09-19 20:46:37.721832,89,3,NO HELMET
2026-09-19 20:46:37.721832,89,6,DAMAGED HELMET
2026-09-19 20:46:38.585412,90,2,NO HELMET
2026-09-19 20:46:38.585412,90,3,NO HELMET
2026-09-19 20:46:38.585412,90,6,DAMAGED HELMET
2026-09-19 20:46:39.347495,91,2,NO HELMET
2026-09-19 20:46:39.347495,91,3,NO HELMET
2026-09-19 20:46:39.348508,91,6,DAMAGED HELMET
2026-09-19 20:46:40.213124,92,2,NO HELMET
2026-09-19 20:46:40.213124,92,3,NO HELMET
2026-09-19 20:46:40.214600,92,6,DAMAGED HELMET
2026-09-19 20:46:40.944149,93,2,NO HELMET
2026-09-19 20:46:40.945258,93,3,NO HELMET
2026-09-19 20:46:40.945258,93,6,DAMAGED HELMET
2026-09-19 20:46:41.659154,94,2,NO HELMET
2026-09-19 20:46:41.659154,94,3,NO HELMET
2026-09-19 20:46:41.660127,94,6,DAMAGED HELMET
2026-09-19 20:46:42.385952,95,2,NO HELMET
2026-09-19 20:46:42.385952,95,3,NO HELMET
2026-09-19 20:46:42.385952,95,6,DAMAGED HELMET
2026-09-19 20:46:43.112799,96,2,NO HELMET
2026-09-19 20:46:43.112799,96,3,NO HELMET
2026-09-19 20:46:43.112799,96,6,DAMAGED HELMET
2026-09-19 20:46:43.878298,97,2,NO HELMET
2026-09-19 20:46:43.879285,97,3,NO HELMET
2026-09-19 20:46:43.879285,97,6,DAMAGED HELMET
2026-09-19 20:46:44.602687,98,2,NO HELMET
2026-09-19 20:46:44.602687,98,3,NO HELMET
2026-09-19 20:46:44.602687,98,6,DAMAGED HELMET
2026-09-19 20:46:45.523032,99,2,NO HELMET
2026-09-19 20:46:45.523032,99,3,NO HELMET
2026-09-19 20:46:45.524031,99,6,DAMAGED HELMET
2026-09-19 20:46:46.235655,100,2,NO HELMET
2026-09-19 20:46:46.236655,100,3,NO HELMET
2026-09-19 20:46:46.236655,100,6,DAMAGED HELMET
2026-09-19 20:46:46.955254,101,2,NO HELMET
2026-09-19 20:46:46.955254,101,3,NO HELMET
2026-09-19 20:46:46.955254,101,6,DAMAGED HELMET
2026-09-19 20:46:47.674028,102,2,NO HELMET
2026-09-19 20:46:47.674028,102,3,NO HELMET
2026-09-19 20:46:47.674028,102,6,DAMAGED HELMET
2026-09-19 20:46:48.501803,103,2,NO HELMET
2026-09-19 20:46:48.501803,103,3,NO HELMET
2026-09-19 20:46:48.502796,103,6,DAMAGED HELMET
2026-09-19 20:46:49.216331,104,2,NO HELMET
2026-09-19 20:46:49.216331,104,3,NO HELMET
2026-09-19 20:46:49.216331,104,6,DAMAGED HELMET
2026-09-19 20:46:49.958421,105,2,NO HELMET
2026-09-19 20:46:49.958421,105,3,NO HELMET
2026-09-19 20:46:49.959428,105,6,DAMAGED HELMET
2026-09-19 20:46:50.861333,106,2,NO HELMET
2026-09-19 20:46:50.861333,106,3,NO HELMET
2026-09-19 20:46:50.861333,106,6,DAMAGED HELMET
2026-09-19 20:46:51.603118,107,2,NO HELMET
2026-09-19 20:46:51.603118,107,3,NO HELMET
2026-09-19 20:46:51.603118,107,6,DAMAGED HELMET
2026-09-19 20:46:52.339837,108,2,NO HELMET
2026-09-19 20:46:52.339837,108,3,NO HELMET
2026-09-19 20:46:52.339837,108,6,DAMAGED HELMET
2026-09-19 20:46:53.059467,109,2,NO HELMET
2026-09-19 20:46:53.059467,109,3,NO HELMET
2026-09-19 20:46:53.060568,109,6,DAMAGED HELMET
2026-09-19 20:46:53.790953,110,2,NO HELMET
2026-09-19 20:46:53.791953,110,3,NO HELMET
2026-09-19 20:46:53.791953,110,6,DAMAGED HELMET
2026-09-19 20:46:54.515262,111,2,NO HELMET
2026-09-19 20:46:54.515262,111,3,NO HELMET
2026-09-19 20:46:54.516262,111,6,DAMAGED HELMET
2026-09-19 20:46:55.231401,112,2,NO HELMET
2026-09-19 20:46:55.232410,112,3,NO HELMET
2026-09-19 20:46:55.232930,112,6,DAMAGED HELMET
2026-09-19 20:46:56.179837,113,2,NO HELMET
2026-09-19 20:46:56.179837,113,3,NO HELMET
2026-09-19 20:46:56.179837,113,6,DAMAGED HELMET
2026-09-19 20:46:56.914488,114,2,NO HELMET
2026-09-19 20:46:56.915486,114,3,NO HELMET
2026-09-19 20:46:56.915486,114,6,DAMAGED HELMET
2026-09-19 20:46:57.648832,115,2,NO HELMET
2026-09-19 20:46:57.648832,115,3,NO HELMET
2026-09-19 20:46:57.648832,115,6,DAMAGED HELMET
2026-09-19 20:46:58.455583,116,2,NO HELMET
2026-09-19 20:46:58.455583,116,3,NO HELMET
2026-09-19 20:46:58.455583,116,6,DAMAGED HELMET
2026-09-19 20:46:59.169688,117,2,NO HELMET
2026-09-19 20:46:59.169688,117,3,NO HELMET
2026-09-19 20:46:59.170670,117,6,DAMAGED HELMET
2026-09-19 20:46:59.923611,118,2,NO HELMET
2026-09-19 20:46:59.923611,118,3,NO HELMET
2026-09-19 20:46:59.923611,118,6,DAMAGED HELMET
2026-09-19 20:47:00.892105,119,2,NO HELMET
2026-09-19 20:47:00.892105,119,3,NO HELMET
2026-09-19 20:47:00.893121,119,6,DAMAGED HELMET
2026-09-19 20:47:01.665657,120,2,NO HELMET
2026-09-19 20:47:01.665657,120,3,NO HELMET
2026-09-19 20:47:01.667159,120,6,DAMAGED HELMET
2026-09-19 20:47:02.385459,121,2,NO HELMET
2026-09-19 20:47:02.386565,121,3,NO HELMET
2026-09-19 20:47:02.386565,121,6,DAMAGED HELMET
2026-09-19 20:47:03.129138,122,2,NO HELMET
2026-09-19 20:47:03.130225,122,3,NO HELMET
2026-09-19 20:47:03.130225,122,6,DAMAGED HELMET
2026-09-19 20:47:03.864437,123,2,NO HELMET
2026-09-19 20:47:03.864437,123,3,NO HELMET
2026-09-19 20:47:03.864437,123,6,DAMAGED HELMET
2026-09-19 20:47:04.580461,124,2,NO HELMET
2026-09-19 20:47:04.580461,124,3,NO HELMET
2026-09-19 20:47:04.580461,124,6,DAMAGED HELMET
2026-09-19 20:47:05.297429,125,2,NO HELMET
2026-09-19 20:47:05.297943,125,3,NO HELMET
2026-09-19 20:47:05.297943,125,6,DAMAGED HELMET
2026-09-19 20:47:06.257734,126,2,NO HELMET
2026-09-19 20:47:06.257734,126,3,NO HELMET
2026-09-19 20:47:06.257734,126,6,DAMAGED HELMET
2026-09-19 20:47:06.996404,127,2,NO HELMET
2026-09-19 20:47:06.997918,127,3,NO HELMET
2026-09-19 20:47:06.997918,127,6,DAMAGED HELMET
2026-09-19 20:47:07.768004,128,2,NO HELMET
2026-09-19 20:47:07.768004,128,3,NO HELMET
2026-09-19 20:47:07.769015,128,6,DAMAGED HELMET
2026-09-19 20:47:08.633206,129,2,NO HELMET
2026-09-19 20:47:08.633206,129,3,NO HELMET
2026-09-19 20:47:08.633206,129,6,DAMAGED HELMET
2026-09-19 20:47:09.371878,130,2,NO HELMET
2026-09-19 20:47:09.372878,130,3,NO HELMET
2026-09-19 20:47:09.372878,130,6,DAMAGED HELMET
2026-09-19 20:47:10.113174,131,2,NO HELMET
2026-09-19 20:47:10.113174,131,3,NO HELMET
2026-09-19 20:47:10.113174,131,6,DAMAGED HELMET
2026-09-19 20:47:11.061297,132,2,NO HELMET
2026-09-19 20:47:11.061297,132,3,NO HELMET
2026-09-19 20:47:11.061297,132,6,DAMAGED HELMET
2026-09-19 20:47:11.904843,133,2,NO HELMET
2026-09-19 20:47:11.905875,133,3,NO HELMET
2026-09-19 20:47:11.905875,133,6,DAMAGED HELMET
2026-09-19 20:47:12.633587,134,2,NO HELMET
2026-09-19 20:47:12.633587,134,3,NO HELMET
2026-09-19 20:47:12.633587,134,6,DAMAGED HELMET
2026-09-19 20:47:13.352838,135,2,NO HELMET
2026-09-19 20:47:13.353845,135,3,NO HELMET
2026-09-19 20:47:13.353845,135,6,DAMAGED HELMET
2026-09-19 20:47:14.114953,136,2,NO HELMET
2026-09-19 20:47:14.114953,136,3,NO HELMET
2026-09-19 20:47:14.115963,136,6,DAMAGED HELMET
2026-09-19 20:47:14.843790,137,2,NO HELMET
2026-09-19 20:47:14.843790,137,3,NO HELMET
2026-09-19 20:47:14.843790,137,6,DAMAGED HELMET
2026-09-19 20:47:15.575317,138,2,NO HELMET
2026-09-19 20:47:15.575317,138,3,NO HELMET
2026-09-19 20:47:15.576315,138,6,DAMAGED HELMET
2026-09-19 20:47:16.415754,139,2,NO HELMET
2026-09-19 20:47:16.416839,139,3,NO HELMET
2026-09-19 20:47:16.416839,139,6,DAMAGED HELMET
2026-09-19 20:47:17.237813,140,2,NO HELMET
2026-09-19 20:47:17.237813,140,3,NO HELMET
2026-09-19 20:47:17.238917,140,6,DAMAGED HELMET
2026-09-19 20:47:18.004401,141,2,NO HELMET
2026-09-19 20:47:18.004401,141,3,NO HELMET
2026-09-19 20:47:18.005009,141,6,DAMAGED HELMET
2026-09-19 20:47:18.825842,142,2,NO HELMET
2026-09-19 20:47:18.825842,142,3,NO HELMET
2026-09-19 20:47:18.826851,142,6,DAMAGED HELMET
2026-09-19 20:47:19.580628,143,2,NO HELMET
2026-09-19 20:47:19.580628,143,3,NO HELMET
2026-09-19 20:47:19.580628,143,6,DAMAGED HELMET
2026-09-19 20:47:20.316634,144,2,NO HELMET
2026-09-19 20:47:20.316634,144,3,NO HELMET
2026-09-19 20:47:20.316634,144,6,DAMAGED HELMET
2026-09-19 20:47:21.041223,145,2,NO HELMET
2026-09-19 20:47:21.041223,145,3,NO HELMET
2026-09-19 20:47:21.042222,145,6,DAMAGED HELMET
2026-09-19 20:47:21.871708,146,2,NO HELMET
2026-09-19 20:47:21.871708,146,3,NO HELMET
2026-09-19 20:47:21.872710,146,6,DAMAGED HELMET
2026-09-19 20:47:22.705972,147,2,NO HELMET
2026-09-19 20:47:22.705972,147,3,NO HELMET
2026-09-19 20:47:22.707588,147,6,DAMAGED HELMET
2026-09-19 20:47:23.408761,148,2,NO HELMET
2026-09-19 20:47:23.409787,148,3,NO HELMET
2026-09-19 20:47:23.409787,148,6,DAMAGED HELMET
2026-09-19 20:47:24.118791,149,2,NO HELMET
2026-09-19 20:47:24.119806,149,3,NO HELMET
2026-09-19 20:47:24.119806,149,6,DAMAGED HELMET
2026-09-19 20:47:24.831043,150,2,NO HELMET
2026-09-19 20:47:24.831043,150,3,NO HELMET
2026-09-19 20:47:24.832055,150,6,DAMAGED HELMET
2026-09-19 20:47:25.542015,151,2,NO HELMET
2026-09-19 20:47:25.543017,151,3,NO HELMET
2026-09-19 20:47:25.543017,151,6,DAMAGED HELMET
2026-09-19 20:47:26.337855,152,2,NO HELMET
2026-09-19 20:47:26.337855,152,3,NO HELMET
2026-09-19 20:47:26.337855,152,6,DAMAGED HELMET
2026-09-19 20:47:27.075981,153,2,NO HELMET
2026-09-19 20:47:27.075981,153,3,NO HELMET
2026-09-19 20:47:27.075981,153,6,DAMAGED HELMET
2026-09-19 20:47:27.899471,154,2,NO HELMET
2026-09-19 20:47:27.899471,154,3,NO HELMET
2026-09-19 20:47:27.899471,154,6,DAMAGED HELMET
2026-09-19 20:47:28.755333,155,2,NO HELMET
2026-09-19 20:47:28.755333,155,3,NO HELMET
2026-09-19 20:47:28.755333,155,6,DAMAGED HELMET
2026-09-19 20:47:29.475658,156,2,NO HELMET
2026-09-19 20:47:29.475658,156,3,NO HELMET
2026-09-19 20:47:29.476720,156,6,DAMAGED HELMET
2026-09-19 20:47:30.215119,157,2,NO HELMET
2026-09-19 20:47:30.215119,157,3,NO HELMET
2026-09-19 20:47:30.215119,157,6,DAMAGED HELMET
2026-09-19 20:47:30.949091,158,2,NO HELMET
2026-09-19 20:47:30.949091,158,3,NO HELMET
2026-09-19 20:47:30.950095,158,6,DAMAGED HELMET
2026-09-19 20:47:31.792025,159,2,NO HELMET
2026-09-19 20:47:31.792025,159,3,NO HELMET
2026-09-19 20:47:31.793025,159,6,DAMAGED HELMET
2026-09-19 20:47:32.526605,160,2,NO HELMET
2026-09-19 20:47:32.526605,160,3,NO HELMET
2026-09-19 20:47:32.526605,160,6,DAMAGED HELMET
2026-09-19 20:47:33.370485,161,2,NO HELMET
2026-09-19 20:47:33.370485,161,3,NO HELMET
2026-09-19 20:47:33.370485,161,6,DAMAGED HELMET
2026-09-19 20:47:34.116409,162,2,NO HELMET
2026-09-19 20:47:34.116409,162,3,NO HELMET
2026-09-19 20:47:34.116409,162,6,DAMAGED HELMET
2026-09-19 20:47:34.837494,163,2,NO HELMET
2026-09-19 20:47:34.837494,163,3,NO HELMET
2026-09-19 20:47:34.838592,163,6,DAMAGED HELMET
2026-09-19 20:47:35.565526,164,2,NO HELMET
2026-09-19 20:47:35.565526,164,3,NO HELMET
2026-09-19 20:47:35.566620,164,6,DAMAGED HELMET
2026-09-19 20:47:36.305386,165,2,NO HELMET
2026-09-19 20:47:36.305386,165,3,NO HELMET
2026-09-19 20:47:36.305386,165,6,DAMAGED HELMET
2026-09-19 20:47:37.121179,166,2,NO HELMET
2026-09-19 20:47:37.121179,166,3,NO HELMET
2026-09-19 20:47:37.121179,166,6,DAMAGED HELMET
2026-09-19 20:47:37.871060,167,2,NO HELMET
2026-09-19 20:47:37.871060,167,3,NO HELMET
2026-09-19 20:47:37.871060,167,6,DAMAGED HELMET
2026-09-19 20:47:38.833409,168,2,NO HELMET
2026-09-19 20:47:38.833409,168,3,NO HELMET
2026-09-19 20:47:38.833409,168,6,DAMAGED HELMET
2026-09-19 20:47:39.575097,169,2,NO HELMET
2026-09-19 20:47:39.575097,169,3,NO HELMET
2026-09-19 20:47:39.575097,169,6,DAMAGED HELMET
2026-09-19 20:47:40.301184,170,2,NO HELMET
2026-09-19 20:47:40.301184,170,3,NO HELMET
2026-09-19 20:47:40.301903,170,6,DAMAGED HELMET
2026-09-19 20:47:41.053529,171,2,NO HELMET
2026-09-19 20:47:41.053529,171,3,NO HELMET
2026-09-19 20:47:41.053529,171,6,DAMAGED HELMET
2026-09-19 20:47:41.881838,172,2,NO HELMET
2026-09-19 20:47:41.881838,172,3,NO HELMET
2026-09-19 20:47:41.882845,172,6,DAMAGED HELMET
2026-09-19 20:47:42.605535,173,2,NO HELMET
2026-09-19 20:47:42.606542,173,3,NO HELMET
2026-09-19 20:47:42.606542,173,6,DAMAGED HELMET
2026-09-19 20:47:43.436662,174,2,NO HELMET
2026-09-19 20:47:43.436662,174,3,NO HELMET
2026-09-19 20:47:43.436662,174,6,DAMAGED HELMET
2026-09-19 20:47:44.180884,175,2,NO HELMET
2026-09-19 20:47:44.180884,175,3,NO HELMET
2026-09-19 20:47:44.181401,175,6,DAMAGED HELMET
2026-09-19 20:47:44.918893,176,2,NO HELMET
2026-09-19 20:47:44.918893,176,3,NO HELMET
2026-09-19 20:47:44.919895,176,6,DAMAGED HELMET
2026-09-19 20:47:45.667892,177,2,NO HELMET
2026-09-19 20:47:45.667892,177,3,NO HELMET
2026-09-19 20:47:45.668890,177,6,DAMAGED HELMET
2026-09-19 20:47:46.390279,178,2,NO HELMET
2026-09-19 20:47:46.390279,178,3,NO HELMET
2026-09-19 20:47:46.391277,178,6,DAMAGED HELMET
2026-09-19 20:47:47.203732,179,2,NO HELMET
2026-09-19 20:47:47.203732,179,3,NO HELMET
2026-09-19 20:47:47.204626,179,6,DAMAGED HELMET
2026-09-19 20:47:47.939915,180,2,NO HELMET
2026-09-19 20:47:47.939915,180,3,NO HELMET
2026-09-19 20:47:47.939915,180,6,DAMAGED HELMET
2026-09-19 20:47:48.920866,181,2,NO HELMET
2026-09-19 20:47:48.920866,181,3,NO HELMET
2026-09-19 20:47:48.920866,181,6,DAMAGED HELMET
2026-09-19 20:47:49.652912,182,2,NO HELMET
2026-09-19 20:47:49.652912,182,3,NO HELMET
2026-09-19 20:47:49.653911,182,6,DAMAGED HELMET
2026-09-19 20:47:50.383545,183,2,NO HELMET
2026-09-19 20:47:50.383545,183,3,NO HELMET
2026-09-19 20:47:50.384543,183,6,DAMAGED HELMET
2026-09-19 20:47:51.112554,184,2,NO HELMET
2026-09-19 20:47:51.113547,184,3,NO HELMET
2026-09-19 20:47:51.113547,184,6,DAMAGED HELMET
2026-09-19 20:47:51.910443,185,2,NO HELMET
2026-09-19 20:47:51.910443,185,3,NO HELMET
2026-09-19 20:47:51.910443,185,6,DAMAGED HELMET
2026-09-19 20:47:52.647612,186,2,NO HELMET
2026-09-19 20:47:52.648219,186,3,NO HELMET
2026-09-19 20:47:52.648219,186,6,DAMAGED HELMET
2026-09-19 20:47:53.376067,187,2,NO HELMET
2026-09-19 20:47:53.377603,187,3,NO HELMET
2026-09-19 20:47:53.377603,187,6,DAMAGED HELMET
2026-09-19 20:47:54.216096,188,2,NO HELMET
2026-09-19 20:47:54.216096,188,3,NO HELMET
2026-09-19 20:47:54.216096,188,6,DAMAGED HELMET
2026-09-19 20:47:54.949150,189,2,NO HELMET
2026-09-19 20:47:54.950246,189,3,NO HELMET
2026-09-19 20:47:54.950246,189,6,DAMAGED HELMET
2026-09-19 20:47:55.681618,190,2,NO HELMET
2026-09-19 20:47:55.681618,190,3,NO HELMET
2026-09-19 20:47:55.682623,190,6,DAMAGED HELMET
2026-09-19 20:47:56.416109,191,2,NO HELMET
2026-09-19 20:47:56.416109,191,3,NO HELMET
2026-09-19 20:47:56.417703,191,6,DAMAGED HELMET
2026-09-19 20:47:57.206729,192,2,NO HELMET
2026-09-19 20:47:57.207824,192,3,NO HELMET
2026-09-19 20:47:57.207824,192,6,DAMAGED HELMET
2026-09-19 20:47:57.917874,193,2,NO HELMET
2026-09-19 20:47:57.917874,193,3,NO HELMET
2026-09-19 20:47:57.919406,193,6,DAMAGED HELMET
2026-09-19 20:47:58.730279,194,2,NO HELMET
2026-09-19 20:47:58.730279,194,3,NO HELMET
2026-09-19 20:47:58.730279,194,6,DAMAGED HELMET
2026-09-19 20:47:59.579009,195,2,NO HELMET
2026-09-19 20:47:59.580014,195,3,NO HELMET
2026-09-19 20:47:59.580014,195,6,DAMAGED HELMET
2026-09-19 20:48:00.330670,196,2,NO HELMET
2026-09-19 20:48:00.330670,196,3,NO HELMET
2026-09-19 20:48:00.330670,196,6,DAMAGED HELMET
2026-09-19 20:48:01.035298,197,2,NO HELMET
2026-09-19 20:48:01.035298,197,3,NO HELMET
2026-09-19 20:48:01.036296,197,6,DAMAGED HELMET
2026-09-19 20:48:01.741039,198,2,NO HELMET
2026-09-19 20:48:01.741039,198,3,NO HELMET
2026-09-19 20:48:01.741039,198,6,DAMAGED HELMET
2026-09-19 20:48:02.544511,199,2,NO HELMET
2026-09-19 20:48:02.544511,199,3,NO HELMET
2026-09-19 20:48:02.544511,199,6,DAMAGED HELMET
2026-09-19 20:48:03.248167,200,2,NO HELMET
2026-09-19 20:48:03.248167,200,3,NO HELMET
2026-09-19 20:48:03.250173,200,6,DAMAGED HELMET
2026-09-19 20:48:04.123676,201,2,NO HELMET
2026-09-19 20:48:04.123676,201,3,NO HELMET
2026-09-19 20:48:04.123676,201,6,DAMAGED HELMET
2026-09-19 20:48:05.129428,202,2,NO HELMET
2026-09-19 20:48:05.130443,202,3,NO HELMET
2026-09-19 20:48:05.130443,202,6,DAMAGED HELMET
2026-09-19 20:48:05.997532,203,2,NO HELMET
2026-09-19 20:48:05.997532,203,3,NO HELMET
2026-09-19 20:48:05.997532,203,6,DAMAGED HELMET
2026-09-19 20:48:06.813429,204,2,NO HELMET
2026-09-19 20:48:06.813429,204,3,NO HELMET
2026-09-19 20:48:06.814428,204,6,DAMAGED HELMET
2026-09-19 20:48:07.650957,205,2,NO HELMET
2026-09-19 20:48:07.650957,205,3,NO HELMET
2026-09-19 20:48:07.650957,205,6,DAMAGED HELMET
2026-09-19 20:48:08.416049,206,2,NO HELMET
2026-09-19 20:48:08.416049,206,3,NO HELMET
2026-09-19 20:48:08.416049,206,6,DAMAGED HELMET
2026-09-19 20:48:09.282020,207,2,NO HELMET
2026-09-19 20:48:09.282020,207,3,NO HELMET
2026-09-19 20:48:09.283020,207,6,DAMAGED HELMET
2026-09-19 20:48:10.187421,208,2,NO HELMET
2026-09-19 20:48:10.187421,208,3,NO HELMET
2026-09-19 20:48:10.187421,208,6,DAMAGED HELMET
2026-09-19 20:48:10.946816,209,2,NO HELMET
2026-09-19 20:48:10.946816,209,3,NO HELMET
2026-09-19 20:48:10.946816,209,6,DAMAGED HELMET
2026-09-19 20:48:11.695077,210,2,NO HELMET
2026-09-19 20:48:11.695077,210,3,NO HELMET
2026-09-19 20:48:11.696071,210,6,DAMAGED HELMET
2026-09-19 20:48:12.509828,211,2,NO HELMET
2026-09-19 20:48:12.509828,211,3,NO HELMET
2026-09-19 20:48:12.510704,211,6,DAMAGED HELMET
2026-09-19 20:48:13.254981,212,2,NO HELMET
2026-09-19 20:48:13.255985,212,3,NO HELMET
2026-09-19 20:48:13.255985,212,6,DAMAGED HELMET
2026-09-19 20:48:13.975810,213,2,NO HELMET
2026-09-19 20:48:13.975810,213,3,NO HELMET
2026-09-19 20:48:13.976811,213,6,DAMAGED HELMET
2026-09-19 20:48:14.706358,214,2,NO HELMET
2026-09-19 20:48:14.706358,214,3,NO HELMET
2026-09-19 20:48:14.706358,214,6,DAMAGED HELMET
2026-09-19 20:48:15.562675,215,2,NO HELMET
2026-09-19 20:48:15.562675,215,3,NO HELMET
2026-09-19 20:48:15.562675,215,6,DAMAGED HELMET
2026-09-19 20:48:16.287959,216,2,NO HELMET
2026-09-19 20:48:16.287959,216,3,NO HELMET
2026-09-19 20:48:16.287959,216,6,DAMAGED HELMET
2026-09-19 20:48:17.018095,217,2,NO HELMET
2026-09-19 20:48:17.019080,217,3,NO HELMET
2026-09-19 20:48:17.019080,217,6,DAMAGED HELMET
2026-09-19 20:48:17.859229,218,2,NO HELMET
2026-09-19 20:48:17.859229,218,3,NO HELMET
2026-09-19 20:48:17.859229,218,6,DAMAGED HELMET
2026-09-19 20:48:18.682752,219,2,NO HELMET
2026-09-19 20:48:18.683734,219,3,NO HELMET
2026-09-19 20:48:18.683734,219,6,DAMAGED HELMET
2026-09-19 20:48:19.407915,220,2,NO HELMET
2026-09-19 20:48:19.407915,220,3,NO HELMET
2026-09-19 20:48:19.407915,220,6,DAMAGED HELMET
2026-09-19 20:48:20.145586,221,2,NO HELMET
2026-09-19 20:48:20.145586,221,3,NO HELMET
2026-09-19 20:48:20.145586,221,6,DAMAGED HELMET
2026-09-19 20:48:21.017810,222,2,NO HELMET
2026-09-19 20:48:21.017810,222,3,NO HELMET
2026-09-19 20:48:21.017810,222,6,DAMAGED HELMET
2026-09-19 20:48:21.745593,223,2,NO HELMET
2026-09-19 20:48:21.746594,223,3,NO HELMET
2026-09-19 20:48:21.746594,223,6,DAMAGED HELMET
2026-09-19 20:48:22.476838,224,2,NO HELMET
2026-09-19 20:48:22.476838,224,3,NO HELMET
2026-09-19 20:48:22.476838,224,6,DAMAGED HELMET
2026-09-19 20:48:23.273755,225,2,NO HELMET
2026-09-19 20:48:23.274710,225,3,NO HELMET
2026-09-19 20:48:23.274710,225,6,DAMAGED HELMET
2026-09-19 20:48:24.008231,226,2,NO HELMET
2026-09-19 20:48:24.008231,226,3,NO HELMET
2026-09-19 20:48:24.009220,226,6,DAMAGED HELMET
2026-09-19 20:48:24.749845,227,2,NO HELMET
2026-09-19 20:48:24.750848,227,3,NO HELMET
2026-09-19 20:48:24.750848,227,6,DAMAGED HELMET
2026-09-19 20:48:25.488783,228,2,NO HELMET
2026-09-19 20:48:25.488783,228,3,NO HELMET
2026-09-19 20:48:25.489792,228,6,DAMAGED HELMET
2026-09-19 20:48:26.343791,229,2,NO HELMET
2026-09-19 20:48:26.344767,229,3,NO HELMET
2026-09-19 20:48:26.344767,229,6,DAMAGED HELMET
2026-09-19 20:48:27.084115,230,2,NO HELMET
2026-09-19 20:48:27.084115,230,3,NO HELMET
2026-09-19 20:48:27.084115,230,6,DAMAGED HELMET
2026-09-19 20:48:27.889765,231,2,NO HELMET
2026-09-19 20:48:27.889765,231,3,NO HELMET
2026-09-19 20:48:27.889765,231,6,DAMAGED HELMET
2026-09-19 20:48:28.759356,232,2,NO HELMET
2026-09-19 20:48:28.759356,232,3,NO HELMET
2026-09-19 20:48:28.760764,232,6,DAMAGED HELMET
2026-09-19 20:48:29.475848,233,2,NO HELMET
2026-09-19 20:48:29.475848,233,3,NO HELMET
2026-09-19 20:48:29.476883,233,6,DAMAGED HELMET
2026-09-19 20:48:30.207650,234,2,NO HELMET
2026-09-19 20:48:30.207650,234,3,NO HELMET
2026-09-19 20:48:30.207650,234,6,DAMAGED HELMET
2026-09-19 20:48:30.940724,235,2,NO HELMET
2026-09-19 20:48:30.940724,235,3,NO HELMET
2026-09-19 20:48:30.940724,235,6,DAMAGED HELMET
2026-09-19 20:48:31.763309,236,2,NO HELMET
2026-09-19 20:48:31.763309,236,3,NO HELMET
2026-09-19 20:48:31.763309,236,6,DAMAGED HELMET
2026-09-19 20:48:32.487532,237,2,NO HELMET
2026-09-19 20:48:32.487532,237,3,NO HELMET
2026-09-19 20:48:32.488050,237,6,DAMAGED HELMET
2026-09-19 20:48:33.272864,238,2,NO HELMET
2026-09-19 20:48:33.272864,238,3,NO HELMET
2026-09-19 20:48:33.273620,238,6,DAMAGED HELMET
2026-09-19 20:48:33.979250,239,2,NO HELMET
2026-09-19 20:48:33.979250,239,3,NO HELMET
2026-09-19 20:48:33.980202,239,6,DAMAGED HELMET
2026-09-19 20:51:04.990548,431,14,NO HELMET
2026-09-19 20:51:05.863035,432,14,NO HELMET
2026-09-19 20:51:06.600143,433,14,NO HELMET
